2008-03-20T22:32:57.930Z,35.49,81.467,10,7.2,mwc,532,25.9,1.03,us,usp000g1w2,2017-11-13T17:54:21.520Z,Xinjiang-Xizang border region,earthquake,reviewed,us,us,,,,
2008-04-09T12:46:12.720Z,-20.071,168.892,33,7.3,mwc,486,13.4,1.29,us,usp000g3eq,2017-11-13T17:55:09.735Z,Loyalty Islands: New Caledonia,earthquake,reviewed,us,us,,,,
2008-04-12T00:30:12.600Z,-55.664,158.453,16,7.1,mwc,541,34.9,0.99,us,usp000g3q9,2017-11-13T17:55:46.510Z,Macquarie Island region,earthquake,reviewed,us,us,,,,
2008-05-12T06:28:01.570Z,31.002,103.322,19,7.9,mwc,774,11.3,1.2,us,usp000g650,2017-11-13T17:56:39.102Z,eastern Sichuan: China,earthquake,reviewed,us,us,,,,
2008-06-30T06:17:43.020Z,-58.227,-22.099,8,7,mwc,309,25.4,1.36,us,usp000gazv,2017-11-13T17:57:27.819Z,South Sandwich Islands region,earthquake,reviewed,us,us,,,,
2008-07-05T02:12:04.480Z,53.882,152.886,632.8,7.7,mwc,777,13.5,0.83,us,usp000gbc0,2017-11-13T17:58:05.574Z,Sea of Okhotsk,earthquake,3.1,reviewed,us,us,,,
2008-07-19T02:39:28.700Z,37.552,142.214,22,7,mwc,577,18.2,0.84,us,usp000gcjg,2017-11-13T17:58:43.326Z,off the east coast of Honshu: Japan,earthquake,reviewed,us,us,,,,
2008-09-29T15:19:31.590Z,-29.756,-177.683,36,7,mwc,524,17.4,1.21,us,usp000ghyg,2017-11-13T17:59:23.800Z,Kermadec Islands: New Zealand,earthquake,reviewed,us,us,,,,
2008-11-16T17:02:32.700Z,1.271,122.091,30,7.4,mww,365,33.7,1.1,us,usp000gnur,2017-11-13T17:59:59.349Z,Minahasa: Sulawesi: Indonesia,earthquake,reviewed,us,us,,,,
2008-11-24T09:02:58.760Z,54.203,154.322,492.3,7.3,mwc,531,22.7,0.77,us,usp000gpbs,2017-11-13T18:00:49.533Z,Sea of Okhotsk,earthquake,3.2,reviewed,us,us,,,
2009-01-03T19:43:50.650Z,-0.414,132.885,17,7.7,mwc,288,29.8,1.27,us,usp000gs2d,2017-11-13T18:02:03.133Z,near the north coast of Papua: Indonesia,earthquake,reviewed,us,gcmt,,,,
2009-01-03T22:33:40.290Z,-0.691,133.305,23,7.4,mwc,314,21.1,1.03,us,usp000gs3t,2017-11-13T18:02:33.734Z,near the north coast of Papua: Indonesia,earthquake,reviewed,us,gcmt,,,,
2009-01-15T17:49:39.070Z,46.857,155.154,36,7.4,mwc,522,15.6,0.91,us,usp000gsmz,2017-11-13T18:03:03.380Z,east of the Kuril Islands,earthquake,reviewed,us,us,,,,
2009-02-11T17:34:50.490Z,3.886,126.387,20,7.2,mwc,432,18.6,1.14,us,usp000gtnc,2017-11-13T18:10:46.650Z,Kepulauan Talaud: Indonesia,earthquake,reviewed,us,us,,,,
2009-02-18T21:53:45.160Z,-27.424,-176.33,25,7,mwc,353,18.5,0.95,us,usp000gu5x,2017-11-13T18:11:57.379Z,Kermadec Islands region,earthquake,reviewed,us,gcmt,,,,
2009-03-19T18:17:40.470Z,-23.043,-174.66,31,7.6,mwc,504,14,1,us,usp000gv5p,2017-11-13T18:13:37.173Z,Tonga region,earthquake,reviewed,us,us,,,,
2009-05-28T08:24:46.560Z,16.731,-86.217,19,7.3,mwc,464,27.2,1.12,us,usp000gxkj,2017-11-13T18:14:56.493Z,offshore Honduras,earthquake,reviewed,us,gcmt,,,,
2009-07-15T09:22:29.030Z,-45.762,166.562,12,7.8,mwc,434,16.8,us,usp000gz8j,2017-11-13T18:16:34.920Z,off the west coast of the South Island of New Zealand,earthquake,reviewed,wel,gcmt,,,,,
2009-08-09T10:55:55.110Z,33.167,137.944,292,7.1,mwc,447,14.2,0.91,us,usp000h04j,2017-11-13T18:18:33.612Z,near the south coast of Honshu: Japan,earthquake,reviewed,us,us,,,,
2009-08-10T19:55:38.730Z,14.099,92.902,24,7.5,mwc,303,18.2,1.03,us,usp000h05x,2017-11-13T18:20:08.501Z,Andaman Islands: India region,earthquake,reviewed,us,us,,,,
2009-09-02T07:55:01.050Z,-7.782,107.297,46,7,mwc,312,16.3,0.89,us,usp000h152,2017-11-13T18:21:20.114Z,Java: Indonesia,earthquake,reviewed,us,us,,,,
2009-09-29T17:48:10.990Z,-15.489,-172.095,18,8.1,mwc,520,20.8,1.01,us,usp000h1ys,2017-11-13T18:23:04.726Z,Samoa Islands region,earthquake,reviewed,us,gcmt,,,,
2009-09-30T10:16:09.250Z,-0.72,99.867,81,7.6,mwc,498,14,0.92,us,usp000h237,2017-11-13T18:25:29.623Z,southern Sumatra: Indonesia,earthquake,reviewed,us,gcmt,,,,
2009-10-07T22:03:14.470Z,-13.006,166.51,45,7.7,mww,283,23.2,1.31,us,usp000h2g9,2017-11-13T18:27:00.933Z,Vanuatu,earthquake,reviewed,us,us,,,,
2009-10-07T22:18:51.240Z,-12.517,166.382,35,7.8,mwc,195,20.3,0.97,us,usp000h2gd,2017-11-13T18:29:45.908Z,Santa Cruz Islands,earthquake,reviewed,us,us,,,,
2009-10-07T23:13:48.160Z,-13.093,166.497,31.1,7.4,mwc,314,20.2,0.96,us,usp000h2gr,2017-11-13T18:31:01.522Z,Vanuatu,earthquake,2.4,reviewed,us,gcmt,,,
2009-11-09T10:44:55.110Z,-17.239,178.331,595,7.3,mwc,430,15,0.87,us,usp000h3wn,2017-11-13T18:32:33.579Z,Fiji,earthquake,reviewed,us,gcmt,,,,
2010-01-03T22:36:25.640Z,-8.783,157.354,10,7.1,mwc,377,15,1.09,us,usp000h5np,2017-11-13T18:34:00.249Z,Solomon Islands,earthquake,reviewed,us,gcmt,,,,
2010-01-12T21:53:10.060Z,18.443,-72.571,13,7,mwc,500,22.7,0.97,us,usp000h60h,2017-11-13T18:37:10.668Z,Haiti region,earthquake,reviewed,us,us,,,,
2010-02-26T20:31:26.970Z,25.93,128.425,25,7,mwc,487,15.7,1.05,us,usp000h7qu,2017-11-13T18:38:32.834Z,Ryukyu Islands: Japan,earthquake,reviewed,us,us,,,,
2010-02-27T06:34:11.530Z,-36.122,-72.898,22.9,8.8,mww,454,17.8,1.09,official,official20100227063411530_30,2017-11-13T18:40:14.165Z,offshore Bio-Bio: Chile,earthquake,9.2,reviewed,us,official,,,
2010-02-27T08:01:23.010Z,-37.773,-75.048,35,7.4,mwc,409,17.6,1.06,us,usp000h7sq,2017-11-13T18:41:40.382Z,off the coast of Bio-Bio: Chile,earthquake,reviewed,us,gcmt,,,,
2010-03-11T14:55:27.510Z,-34.326,-71.799,18,7,mwc,403,17.1,1.02,us,usp000h94v,2017-11-13T18:48:34.202Z,Libertador General Bernardo O'Higgins: Chile,earthquake,reviewed,us,gcmt,,,,
2010-04-04T22:40:42.360Z,32.2861667,-115.2953333,9.987,7.2,mw,10,239,0.5137,0.11,ci,ci14607652,2017-11-26T22:21:57.734Z,"12km SW of Delta, B.C., MX",earthquake,1.81,31.61,0,reviewed,ci,ci
2010-04-06T22:15:01.580Z,2.383,97.048,31,7.8,mwc,352,19.2,1.19,us,usp000hat0,2017-11-13T18:51:37.481Z,northern Sumatra: Indonesia,earthquake,reviewed,us,gcmt,,,,
2010-05-09T05:59:41.620Z,3.748,96.018,38,7.2,mwc,611,20.6,0.92,us,usp000hchk,2017-11-13T18:56:51.254Z,northern Sumatra: Indonesia,earthquake,reviewed,us,us,,,,
2010-05-27T17:14:46.570Z,-13.698,166.643,31,7.2,mwc,327,11.7,1.08,us,usp000hd84,2017-11-13T18:57:40.216Z,Vanuatu,earthquake,reviewed,us,gcmt,,,,
2010-06-12T19:26:50.460Z,7.881,91.936,35,7.5,mwc,514,18.6,1.1,us,usp000hdwb,2017-11-13T19:03:31.864Z,Nicobar Islands: India region,earthquake,reviewed,us,gcmt,,,,
2010-06-16T03:16:27.550Z,-2.174,136.543,18,7,mwc,307,18.1,1.27,us,usp000he3f,2017-11-13T19:05:22.499Z,near the north coast of Papua: Indonesia,earthquake,reviewed,us,us,,,,
2010-07-18T13:34:59.360Z,-5.931,150.59,35,7.3,mwc,397,18.2,1.16,us,usp000hfku,2017-11-13T19:06:41.761Z,New Britain region: Papua New Guinea,earthquake,reviewed,us,gcmt,,,,
2010-07-23T22:08:11.250Z,6.718,123.409,607.1,7.3,mwc,491,16.5,0.91,us,usp000hgmd,2017-11-13T19:09:27.293Z,Moro Gulf: Mindanao: Philippines,earthquake,reviewed,us,us,,,,
2010-07-23T22:51:11.840Z,6.497,123.48,578,7.6,mwc,340,15.1,0.91,us,usp000hgmh,2017-11-13T19:13:41.547Z,Moro Gulf: Mindanao: Philippines,earthquake,reviewed,us,us,,,,
2010-07-23T23:15:10.190Z,6.776,123.259,640.6,7.5,mwc,441,17.5,0.82,us,usp000hgmq,2017-11-13T19:16:21.328Z,Moro Gulf: Mindanao: Philippines,earthquake,reviewed,us,gcmt,,,,
2010-08-04T22:01:43.620Z,-5.746,150.765,44,7,mww,396,12.7,1.19,us,usp000hhhx,2017-11-13T19:17:36.970Z,New Britain region: Papua New Guinea,earthquake,reviewed,us,us,,,,
2010-08-10T05:23:44.980Z,-17.541,168.069,25,7.3,mwc,405,20.2,1.25,us,usp000hhuc,2017-11-13T19:19:05.713Z,Vanuatu,earthquake,reviewed,us,us,,,,
2010-08-12T11:54:15.580Z,-1.266,-77.306,206.7,7.1,mwc,672,12.4,0.87,us,usp000hj05,2017-11-13T19:20:37.718Z,Ecuador,earthquake,reviewed,us,us,,,,
2010-09-03T16:35:47.770Z,-43.522,171.83,12,7,mwc,365,15.8,1.3,us,usp000hk46,2017-11-13T19:21:53.359Z,South Island of New Zealand,earthquake,reviewed,us,us,,,,
2010-09-29T17:11:25.940Z,-4.963,133.76,26,7,mwc,271,15.1,1.31,us,usp000hmbq,2017-11-13T19:23:28.909Z,near the south coast of Papua: Indonesia,earthquake,reviewed,us,us,,,,
2010-10-25T14:42:22.460Z,-3.487,100.082,20.1,7.8,mwc,379,23,1.17,us,usp000hnj4,2017-11-13T19:24:43.090Z,Kepulauan Mentawai region: Indonesia,earthquake,3.5,reviewed,us,gcmt,,,
2010-12-21T17:19:40.660Z,26.901,143.698,14,7.4,mwc,603,13,0.99,us,usp000hr97,2017-11-13T19:25:51.912Z,Bonin Islands: Japan region,earthquake,reviewed,us,us,,,,
2010-12-25T13:16:37.000Z,-19.702,167.947,16,7.3,mwc,409,12,1.17,us,usp000hrw0,2017-11-13T20:04:14.579Z,Vanuatu region,earthquake,reviewed,us,us,,,,
2011-01-01T09:56:58.120Z,-26.803,-63.136,576.8,7,mww,607,18.4,0.85,us,usp000hsdc,2017-11-13T19:43:03.438Z,Santiago Del Estero: Argentina,earthquake,reviewed,us,us,,,,
2011-01-02T20:20:17.780Z,-38.355,-73.326,24,7.2,mww,397,30.1,1.1,us,usp000hsfq,2017-11-13T20:05:39.751Z,Araucania: Chile,earthquake,reviewed,us,us,,,,
2011-01-13T16:16:41.540Z,-20.628,168.471,9,7,mww,578,13.3,0.99,us,usp000ht15,2017-11-13T20:07:24.926Z,Loyalty Islands: New Caledonia,earthquake,reviewed,us,us,,,,
2011-01-18T20:23:23.480Z,28.777,63.951,68,7.2,mww,372,25.3,1.3,us,usp000htb4,2017-11-13T20:09:09.192Z,southwestern Pakistan,earthquake,reviewed,us,us,,,,
2011-03-09T02:45:20.330Z,38.435,142.842,32,7.3,mww,550,17.4,0.98,us,usp000hvhj,2017-11-13T20:10:13.098Z,near the east coast of Honshu: Japan,earthquake,reviewed,us,us,,,,
2011-03-11T05:46:24.120Z,38.297,142.373,29,9.1,mww,541,9.5,1.16,official,official20110311054624120_30,2017-11-13T20:12:27.632Z,near the east coast of Honshu: Japan,earthquake,reviewed,us,official,,,,
2011-03-11T06:15:40.280Z,36.281,141.111,42.6,7.9,mwc,163,48.4,1.44,us,usp000hvpa,2017-11-13T20:13:49.596Z,near the east coast of Honshu: Japan,earthquake,9.6,reviewed,us,us,,,
2011-03-11T06:25:50.300Z,38.058,144.59,18.6,7.7,mwc,507,10.8,0.85,us,usp000hvpg,2017-11-13T20:15:18.727Z,off the east coast of Honshu: Japan,earthquake,8,reviewed,us,us,,,
2011-04-07T14:32:43.290Z,38.276,141.588,42,7.1,mww,446,17.7,0.94,us,usp000hzf6,2017-11-13T20:16:29.783Z,near the east coast of Honshu: Japan,earthquake,reviewed,us,us,,,,
2011-06-24T03:09:39.470Z,52.05,-171.836,52,7.3,mww,791,15.3,1.05,us,usp000j3mq,2017-11-13T20:18:05.422Z,Fox Islands: Aleutian Islands: Alaska,earthquake,reviewed,us,us,,,,
2011-07-06T19:03:18.260Z,-29.539,-176.34,17,7.6,mww,567,33.5,1.17,us,usp000j48h,2017-11-13T20:19:24.811Z,Kermadec Islands region,earthquake,reviewed,us,us,,,,
2011-07-10T00:57:10.800Z,38.034,143.264,23,7,mww,531,12.4,1.04,us,usp000j4gp,2017-11-13T20:21:58.111Z,off the east coast of Honshu: Japan,earthquake,reviewed,us,us,,,,
2011-08-20T16:55:02.810Z,-18.365,168.143,32,7.2,mww,280,18.4,1.26,us,usp000j6r4,2017-11-13T20:23:12.517Z,Vanuatu,earthquake,reviewed,us,us,,,,
2011-08-20T18:19:23.550Z,-18.311,168.218,28,7.1,mww,564,12.3,1.07,us,usp000j6rj,2017-11-14T14:22:22.051Z,Vanuatu,earthquake,reviewed,us,us,,,,
2011-08-24T17:46:11.650Z,-7.641,-74.525,147,7,mww,471,26.9,0.87,us,usp000j6z8,2017-11-14T14:25:06.557Z,northern Peru,earthquake,reviewed,us,us,,,,
2011-09-03T22:55:40.920Z,-20.671,169.716,185.1,7,mww,406,15.3,0.99,us,usp000j7jb,2017-11-14T14:27:09.296Z,Vanuatu,earthquake,6.2,reviewed,us,us,,,
2011-09-15T19:31:04.080Z,-21.611,-179.528,644.6,7.3,mww,646,22.2,1.06,us,usp000j83e,2017-11-14T14:29:05.033Z,Fiji region,earthquake,reviewed,us,us,,,,
2011-10-21T17:57:16.100Z,-28.993,-176.238,33,7.4,mww,707,14.8,0.87,us,usp000j9nm,2017-11-14T14:31:00.630Z,Kermadec Islands region,earthquake,reviewed,us,us,,,,
2011-10-23T10:41:23.250Z,38.721,43.508,18,7.1,mww,693,19.7,0.93,us,usp000j9rr,2017-11-14T14:32:26.156Z,eastern Turkey,earthquake,reviewed,us,us,,,,
2011-12-14T05:04:58.630Z,-7.551,146.809,135,7.1,mww,485,10.6,0.78,us,usp000jc5z,2017-11-14T14:33:44.615Z,eastern New Guinea region: Papua New Guinea,earthquake,reviewed,us,us,,,,
2012-01-10T18:36:59.080Z,2.433,93.21,19,7.2,mww,443,17,1.09,us,usp000jdar,2017-11-14T14:36:39.970Z,off the west coast of northern Sumatra,earthquake,reviewed,us,us,,,,
2012-02-02T13:34:40.650Z,-17.827,167.133,23,7.1,mww,573,12,1.07,us,usp000jeag,2017-11-14T14:37:44.674Z,Vanuatu,earthquake,reviewed,us,us,,,,
2012-03-20T18:02:47.440Z,16.493,-98.231,20,7.4,mww,672,37.9,0.98,us,usp000jghj,2017-11-14T14:38:51.309Z,Oaxaca: Mexico,earthquake,reviewed,us,us,,,,
2012-03-25T22:37:06.000Z,-35.2,-72.217,40.7,7.1,mww,553,15.2,us,usp000jgsw,2017-11-14T14:41:30.791Z,"Maule, Chile",earthquake,reviewed,guc,us,,,,,
2012-04-11T08:38:36.720Z,2.327,93.063,20,8.6,mw,499,16.6,1.33,official,official20120411083836720_20,2017-11-14T14:43:00.027Z,off the west coast of northern Sumatra,earthquake,reviewed,us,official,,,,
2012-04-11T10:43:10.850Z,0.802,92.463,25.1,8.2,mwc,341,14.9,0.9,us,usp000jhjb,2017-11-14T14:43:51.550Z,off the west coast of northern Sumatra,earthquake,7.3,reviewed,us,us,,,
2012-04-12T07:15:48.500Z,28.696,-113.104,13,7,mww,474,95.9,1.18,us,usp000jhr6,2017-11-14T14:45:02.908Z,Baja California: Mexico,earthquake,reviewed,us,us,,,,
2012-08-14T02:59:38.460Z,49.8,145.064,583.2,7.7,mww,862,13.8,0.83,us,usp000jq9h,2017-11-14T14:46:34.008Z,Sea of Okhotsk,earthquake,2.6,reviewed,us,us,,,
2012-08-27T04:37:19.430Z,12.139,-88.59,28,7.3,mww,417,37,1.3,us,usp000jqvm,2017-11-14T14:47:39.343Z,off the coast of El Salvador,earthquake,reviewed,us,us,,,,
2012-08-31T12:47:33.380Z,10.811,126.638,28,7.6,mww,682,10.2,1.02,us,usp000jr83,2017-11-14T14:51:16.633Z,Philippine Islands region,earthquake,reviewed,us,us,,,,
2012-09-05T14:42:07.800Z,10.085,-85.315,35,7.6,mww,703,34.3,1.2,us,usp000jrsw,2017-11-14T14:53:10.370Z,Costa Rica,earthquake,reviewed,us,us,,,,
2012-09-30T16:31:35.970Z,1.929,-76.362,170,7.3,mww,934,15.5,0.87,us,usp000jta1,2017-11-14T14:54:34.591Z,Colombia,earthquake,reviewed,us,us,,,,
2012-10-28T03:04:08.820Z,52.788,-132.101,14,7.8,mww,807,42.7,0.99,us,usp000juhz,2017-11-14T14:56:04.235Z,Haida Gwaii: Canada,earthquake,reviewed,us,us,,,,
2012-11-07T16:35:46.930Z,13.988,-91.895,24,7.4,mww,751,25.5,1.27,us,usp000jv5f,2017-11-14T14:57:08.845Z,offshore Guatemala,earthquake,reviewed,us,us,,,,
2012-12-07T08:18:23.130Z,37.89,143.949,31,7.3,mww,918,14.8,0.91,us,usp000jwjn,2017-11-14T14:58:36.646Z,off the east coast of Honshu: Japan,earthquake,reviewed,us,us,,,,
2012-12-10T16:53:08.770Z,-6.533,129.825,155,7.1,mww,517,8.7,0.95,us,usp000jwt8,2017-11-14T14:59:55.339Z,Banda Sea,earthquake,reviewed,us,us,,,,
2013-01-05T08:58:19.330Z,55.393,-134.652,10,7.5,mww,659,28.5,1.26,us,usp000jxum,2017-11-14T15:01:20.445Z,Southeastern Alaska,earthquake,reviewed,us,us,,,,
2013-02-06T01:12:25.830Z,-10.799,165.114,24,8,mww,460,20.9,1.29,us,usc000f1s0,2017-11-14T15:04:29.141Z,76km W of Lata: Solomon Islands,earthquake,reviewed,us,us,,,,
2013-02-06T01:23:19.760Z,-11.183,164.882,10,7.1,mww,550,18.4,1.19,us,usc000f1se,2017-11-14T15:05:33.200Z,114km WSW of Lata: Solomon Islands,earthquake,reviewed,us,us,,,,
2013-02-06T01:54:14.610Z,-10.499,165.588,8.8,7,mww,445,17.5,1.22,us,usc000f1ts,2017-11-14T15:07:16.869Z,27km NNW of Lata: Solomon Islands,earthquake,5.5,reviewed,us,us,,,
2013-02-08T15:26:38.470Z,-10.928,166.018,21,7.1,mww,334,16.5,0.92,us,usc000f40j,2017-11-14T15:08:37.629Z,31km SE of Lata: Solomon Islands,earthquake,reviewed,us,us,,,,
2013-04-06T04:42:35.860Z,-3.517,138.476,66,7,mww,640,11.4,0.81,us,usb000g13s,2017-11-14T15:09:49.797Z,240km E of Enarotali: Indonesia,earthquake,reviewed,us,us,,,,
2013-04-16T10:44:20.180Z,28.033,61.996,80,7.7,mww,506,26.6,1.09,us,usb000g7x7,2017-11-14T15:11:10.048Z,83km E of Khash: Iran,earthquake,reviewed,us,us,,,,
2013-04-19T03:05:52.650Z,46.221,150.788,110,7.2,mww,770,10.1,0.86,us,usb000gbf8,2017-11-14T15:12:37.853Z,251km ENE of Kuril'sk: Russia,earthquake,reviewed,us,us,,,,
2013-05-23T17:19:04.750Z,-23.009,-177.232,173.7,7.4,mww,626,16,0.85,us,usb000h3k3,2017-11-14T15:29:39.004Z,282km SW of Vaini: Tonga,earthquake,3.2,reviewed,us,us,,,
2013-05-24T05:44:48.980Z,54.892,153.221,598.1,8.3,mww,385,10,1.02,us,usb000h4jh,2017-11-14T15:31:30.472Z,Sea of Okhotsk,earthquake,4.1,reviewed,us,us,,,
2013-07-07T18:35:30.740Z,-3.917,153.927,385.5,7.3,mww,117,24,0.88,us,usb000i89z,2017-11-14T15:33:03.980Z,115km ENE of Taron: Papua New Guinea,earthquake,4,reviewed,us,us,,,
2013-07-15T14:03:39.880Z,-60.857,-25.07,11,7.3,mww,398,43,0.88,us,usb000ief9,2017-11-14T15:34:12.328Z,218km SSE of Bristol Island: South Sandwich Islands,earthquake,reviewed,us,us,,,,
2013-08-30T16:25:02.300Z,51.537,-175.2297,29,7,mww,53,0.624,0.89,us,usb000jdt7,2017-11-14T15:35:16.739Z,101km SW of Atka: Alaska,earthquake,1.8,reviewed,us,us,,,
2013-09-24T11:29:47.970Z,26.951,65.5009,15,7.7,mww,17,7.241,0.93,us,usb000jyiv,2017-11-14T15:36:44.279Z,61km NNE of Awaran: Pakistan,earthquake,1.6,reviewed,us,us,,,
2013-09-25T16:42:43.170Z,-15.8385,-74.5112,40,7.1,mww,17,4.446,0.9,us,usb000jzma,2018-01-14T09:35:34.825Z,46km SSE of Acari: Peru,earthquake,1.8,reviewed,us,us,,,
2013-10-15T00:12:32.050Z,9.8796,124.1167,19.04,7.1,mww,12,3.144,1.3,us,usb000kdb4,2017-11-14T15:39:03.247Z,4km SE of Sagbayan: Philippines,earthquake,2.9,reviewed,us,us,,,
2013-10-25T17:10:19.710Z,37.1557,144.6611,35,7.1,mww,10,3.968,1.01,us,usc000kn4n,2017-11-14T15:40:21.521Z,Off the east coast of Honshu: Japan,earthquake,1.8,reviewed,us,us,,,
2013-11-17T09:04:55.530Z,-60.2738,-46.4011,10,7.7,mww,23,8.05,1.33,us,usb000l0gq,2017-11-14T15:42:02.020Z,Scotia Sea,earthquake,1.7,reviewed,us,us,,,
2013-11-25T06:27:33.300Z,-53.9451,-55.0033,11.78,7,mww,31,2.935,1.08,us,usb000l5zn,2017-11-14T15:44:19.341Z,Falkland Islands region,earthquake,2.4,reviewed,us,us,,,
2014-04-01T23:46:47.260Z,-19.6097,-70.7691,25,8.2,mww,23,0.609,0.66,us,usc000nzvd,2018-01-23T13:23:16.828Z,94km NW of Iquique: Chile,earthquake,1.8,reviewed,us,us,,,
2014-04-03T02:43:13.110Z,-20.5709,-70.4931,22.4,7.7,mww,44,1.029,0.82,us,usc000p27i,2017-11-14T15:54:38.514Z,53km SW of Iquique: Chile,earthquake,3.4,reviewed,us,us,,,
2014-04-11T07:07:23.130Z,-6.5858,155.0485,60.53,7.1,mww,21,3.729,0.88,us,usc000pft9,2017-11-14T15:56:42.583Z,56km WSW of Panguna: Papua New Guinea,earthquake,3.9,reviewed,us,us,,,
2014-04-12T20:14:39.300Z,-11.2701,162.1481,22.56,7.6,mww,13,2.828,0.71,us,usc000phx5,2017-11-14T15:57:53.740Z,93km SSE of Kirakira: Solomon Islands,earthquake,2.8,reviewed,us,us,,,
2014-04-13T12:36:19.230Z,-11.4633,162.0511,39,7.4,mww,17,2.885,1,us,usc000piqj,2017-11-14T15:59:06.443Z,112km S of Kirakira: Solomon Islands,earthquake,1.8,reviewed,us,us,,,
2014-04-18T14:27:24.920Z,17.397,-100.9723,24,7.2,mww,46,2.25,1.2,us,usb000pq41,2018-02-06T03:56:44.090Z,33km ESE of Petatlan: Mexico,earthquake,1.5,reviewed,us,us,,,
2014-04-19T13:28:00.810Z,-6.7547,155.0241,43.37,7.5,mww,16,3.82,1.25,us,usb000pr89,2017-11-14T16:02:01.155Z,70km SW of Panguna: Papua New Guinea,earthquake,3.8,reviewed,us,us,,,
2014-06-23T20:53:09.700Z,51.8486,178.7352,109,7.9,mww,22,0.133,0.71,us,usc000rki5,2017-11-14T16:03:44.240Z,19km SE of Little Sitkin Island: Alaska,earthquake,1.8,reviewed,us,us,,,
2014-10-09T02:14:31.440Z,-32.1082,-110.8112,16.54,7,mww,22,5.127,0.43,us,usb000sk6k,2017-11-14T16:05:08.794Z,Southern East Pacific Rise,earthquake,8.2,2.9,reviewed,us,us,,
2014-10-14T03:51:34.460Z,12.5262,-88.1225,40,7.3,mww,18,1.078,0.7,us,usb000slwn,2017-11-14T16:06:07.832Z,74km S of Intipuca: El Salvador,earthquake,5.6,1.8,reviewed,us,us,,
2014-11-01T18:57:22.380Z,-19.6903,-177.7587,434,7.1,mww,13,4.415,0.84,us,usc000stdc,2017-11-14T16:08:13.497Z,144km NE of Ndoi Island: Fiji,earthquake,8.5,1.2,reviewed,us,us,,
2014-11-15T02:31:41.720Z,1.8929,126.5217,45,7.1,mww,18,1.397,0.71,us,usc000sxh8,2017-11-14T16:09:36.003Z,154km NW of Kota Ternate: Indonesia,earthquake,5.8,1.7,reviewed,us,us,,
2015-02-13T18:59:12.230Z,52.6487,-31.9016,16.68,7.1,mww,17,11.262,0.79,us,usb000tp5q,2017-11-14T16:11:24.173Z,Northern Mid-Atlantic Ridge,earthquake,6.8,1.4,reviewed,us,us,,
2015-02-27T13:45:05.370Z,-7.2968,122.5348,552.06,7,mww,12,1.362,1.12,us,usc000ttkd,2017-11-14T16:13:18.218Z,130km N of Nebe: Indonesia,earthquake,7.1,3.6,reviewed,us,us,,
2015-03-29T23:48:31.010Z,-4.7294,152.5623,41,7.5,mww,19,0.666,1.32,us,us10001rvu,2017-11-14T16:16:01.281Z,53km SE of Kokopo: Papua New Guinea,earthquake,7,1.8,reviewed,us,us,,
2015-04-25T06:11:25.950Z,28.2305,84.7314,8.22,7.8,mww,12,1.857,0.96,us,us20002926,2017-11-14T16:19:53.383Z,36km E of Khudi: Nepal,earthquake,7.3,2.9,reviewed,us,us,,
2015-05-05T01:44:06.380Z,-5.4624,151.8751,55,7.5,mww,22,1.295,1.02,us,us20002bnf,2017-11-14T16:21:49.309Z,130km SSW of Kokopo: Papua New Guinea,earthquake,6.1,1.9,reviewed,us,us,,
2015-05-07T07:10:19.590Z,-7.2175,154.5567,10,7.1,mww,11,3.835,0.7,us,us20002das,2017-11-14T16:23:45.861Z,143km SW of Panguna: Papua New Guinea,earthquake,7.1,1.7,reviewed,us,us,,
2015-05-12T07:05:19.730Z,27.8087,86.0655,15,7.3,mww,11,0.677,0.92,us,us20002ejl,2017-11-14T16:27:32.250Z,19km SE of Kodari: Nepal,earthquake,7.4,1.7,reviewed,us,us,,
2015-05-30T11:23:02.110Z,27.8386,140.4931,664,7.8,mww,12,1.675,1.12,us,us20002ki3,2017-11-14T16:41:29.968Z,189km WNW of Chichi-shima: Japan,earthquake,9.2,1.9,reviewed,us,us,,
2015-06-17T12:51:32.790Z,-35.3639,-17.1605,10,7,mww,34,21.859,1.16,us,us20002qn7,2017-11-14T16:42:34.304Z,Southern Mid-Atlantic Ridge,earthquake,10.7,1.7,reviewed,us,us,,
2015-07-18T02:27:33.820Z,-10.4012,165.1409,11,7,mww,22,5.205,1.09,us,us20002yaw,2017-11-14T16:45:10.395Z,83km WNW of Lata: Solomon Islands,earthquake,7.2,1.7,reviewed,us,us,,
2015-07-27T21:41:21.710Z,-2.6286,138.5277,48,7,mww,12,6.278,1.2,us,us200030kn,2017-11-14T16:49:19.762Z,228km W of Abepura: Indonesia,earthquake,6.7,1.8,reviewed,us,us,,
2015-09-16T22:54:32.860Z,-31.5729,-71.6744,22.44,8.3,mww,19,0.684,1.02,us,us20003k7a,2018-01-27T06:17:33.329Z,48km W of Illapel: Chile,earthquake,4.7,3.2,reviewed,us,us,,
2015-09-16T23:18:41.850Z,-31.5622,-71.4262,28.41,7,mww,13,0.903,0.93,us,us20003k7w,2017-11-14T16:57:08.620Z,25km WNW of Illapel: Chile,earthquake,4.3,3,reviewed,us,us,,
2015-10-20T21:52:02.560Z,-14.8595,167.3028,135,7.1,mww,11,0.592,1.02,us,us10003q0q,2017-11-14T16:59:44.723Z,34km NE of Port-Olry: Vanuatu,earthquake,4.3,1.8,reviewed,us,us,,
2015-10-26T09:09:42.560Z,36.5244,70.3676,231,7.5,mww,18,0.622,1.43,us,us10003re5,2017-11-14T17:02:31.419Z,45km E of Farkhar: Afghanistan,earthquake,6.7,1.9,reviewed,us,us,,
2015-11-24T22:45:38.880Z,-10.5372,-70.9437,606.21,7.6,mww,10,3.287,1.36,us,us100040ww,2017-11-14T17:04:37.860Z,173km WNW of Iberia: Peru,earthquake,8.5,3.2,reviewed,us,us,,
2015-11-24T22:50:54.370Z,-10.0598,-71.0184,620.56,7.6,mww,10,2.852,1,us,us100040x6,2017-11-14T17:06:30.903Z,211km S of Tarauaca: Brazil,earthquake,8.5,3.1,reviewed,us,us,,
2015-12-04T22:25:00.110Z,-47.6165,85.0913,35,7.1,mww,8,10.034,1.42,us,us100043z2,2017-11-14T17:07:53.882Z,Southeast Indian Ridge,earthquake,8,1.8,reviewed,us,us,,
2015-12-07T07:50:05.950Z,38.2107,72.7797,22,7.2,mww,18,1.116,0.94,us,us100044k6,2017-11-14T17:09:18.280Z,104km W of Murghob: Tajikistan,earthquake,5.5,1.7,reviewed,us,us,,
2016-01-24T10:30:30.230Z,59.6363,-153.4051,129,7.1,mww,19,0.72,2.11,us,us10004gqp,2017-10-13T19:26:01.840Z,86km E of Old Iliamna: Alaska,earthquake,5,1.8,reviewed,us,us,,
2016-01-30T03:25:12.220Z,53.9776,158.5463,177,7.2,mww,17,0.958,1.19,us,us20004vvx,2017-10-11T21:21:33.844Z,88km N of Yelizovo: Russia,earthquake,5.8,1.8,reviewed,us,us,,
2016-03-02T12:49:48.110Z,-4.9521,94.3299,24,7.8,mww,20,7.009,1.14,us,us10004u1y,2017-02-07T23:49:13.268Z,Southwest of Sumatra: Indonesia,earthquake,7.5,1.8,reviewed,us,us,,
2016-04-15T16:25:06.220Z,32.7906,130.7543,10,7,mww,32,0.349,0.85,us,us20005iis,2017-10-11T21:25:06.765Z,1km E of Kumamoto-shi: Japan,earthquake,4.9,1.7,reviewed,us,us,,
2016-04-16T23:58:36.980Z,0.3819,-79.9218,20.59,7.8,mww,15,1.44,0.94,us,us20005j32,2018-03-02T20:33:50.408Z,27km SSE of Muisne: Ecuador,earthquake,5.7,3.2,reviewed,us,us,,
2016-04-28T19:33:24.070Z,-16.0429,167.3786,24,7,mww,14,0.616,1.33,us,us10005c88,2017-10-11T21:27:50.254Z,2km N of Norsup: Vanuatu,earthquake,2.9,1.7,reviewed,us,us,,
2016-05-28T09:46:59.780Z,-56.2409,-26.9353,78,7.2,mww,24,5.803,0.89,us,us20005ysu,2017-02-07T23:49:54.060Z,53km NNE of Visokoi Island: South Georgia and the South Sandwich Islands,earthquake,6.3,1.8,reviewed,us,us,,
2016-07-29T21:18:24.740Z,18.5429,145.5073,196,7.7,mww,14,3.294,1.38,us,us100068jg,2017-02-07T23:50:15.901Z,29km SW of Agrihan: Northern Mariana Islands,earthquake,7.5,1.8,reviewed,us,us,,
2016-08-12T01:26:36.280Z,-22.4765,173.1167,16.37,7.2,mww,14,4.823,0.9,us,us10006d5h,2017-02-07T23:50:38.119Z,110km E of Ile Hunter: New Caledonia,earthquake,6.7,2.6,reviewed,us,us,,
2016-08-19T07:32:22.710Z,-55.2852,-31.8766,10,7.4,mww,18,2.852,0.79,us,us10006exl,2017-02-07T23:50:43.677Z,South Georgia Island region,earthquake,8.4,1.7,reviewed,us,us,,
2016-08-29T04:29:57.860Z,-0.0456,-17.8255,10,7.1,mww,24,8.561,0.87,us,us20006uy6,2017-02-07T23:50:50.814Z,North of Ascension Island,earthquake,8.4,1.7,reviewed,us,us,,
2016-09-01T16:37:57.300Z,-37.3586,179.1461,19,7,mww,21,0.698,0.88,us,us10006jbi,2017-02-07T23:50:57.758Z,175km NE of Gisborne: New Zealand,earthquake,6.8,1.7,reviewed,us,us,,
2016-11-13T11:02:56.340Z,-42.7373,173.054,15.11,7.8,mww,21,0.481,0.56,us,us1000778i,2017-11-13T18:15:47.726Z,54km NNE of Amberley: New Zealand,earthquake,4.6,3.2,reviewed,us,us,,
2016-12-08T17:38:46.280Z,-10.6812,161.3273,40,7.8,mww,13,1.836,0.88,us,us20007z80,2017-03-03T07:06:08.040Z,69km WSW of Kirakira: Solomon Islands,earthquake,8.3,1.8,reviewed,us,us,,
2016-12-17T10:51:10.500Z,-4.5049,153.5216,94.54,7.9,mww,13,1.389,0.97,us,us200081v8,2017-03-16T02:31:24.040Z,54km E of Taron: Papua New Guinea,earthquake,7.3,3.8,reviewed,us,us,,
2016-12-25T14:22:27.010Z,-43.4064,-73.9413,38,7.6,mww,29,0.355,0.79,us,us10007mn3,2018-01-23T03:48:15.605Z,41km SW of Puerto Quellon: Chile,earthquake,5.4,1.9,reviewed,us,us,,
2017-01-10T06:13:48.140Z,4.4782,122.6171,627.17,7.3,mww,18,3.813,1.05,us,us10007s9c,2017-05-07T17:42:08.352Z,189km SSE of Tabiauan: Philippines,earthquake,8.5,3,reviewed,us,us,,
2017-01-22T04:30:22.960Z,-6.2464,155.1718,135,7.9,mww,9,3.625,1.22,us,us10007uph,2017-04-19T18:30:54.040Z,35km WNW of Panguna: Papua New Guinea,earthquake,7.3,1.8,0.042,54,reviewed,us,us
2017-07-17T23:34:13.740Z,54.4434,168.857,10,7.7,mww,13,3.564,0.68,us,us20009x42,2017-10-11T01:03:51.040Z,202km ESE of Nikol'skoye: Russia,earthquake,7,1.8,0.036,73,reviewed,us,us
2017-09-08T04:49:19.180Z,15.0222,-93.8993,47.39,8.2,mww,22,0.944,1.22,us,us2000ahv0,2018-02-20T00:31:42.247Z,101km SSW of Tres Picos: Mexico,earthquake,6.2,3.7,0.058,29,reviewed,us,us
2017-09-19T18:14:38.090Z,18.5499,-98.4887,48,7.1,mww,23,0.984,1.14,us,us2000ar20,2018-02-28T19:29:22.802Z,1km E of Ayutla: Mexico,earthquake,4.5,1.8,0.048,41,reviewed,us,us
2017-11-12T18:18:17.180Z,34.9109,45.9592,19,7.3,mww,33,0.284,1.29,us,us2000bmcg,2018-02-12T03:34:25.252Z,29km S of Halabjah: Iraq,earthquake,4.9,1.7,0.044,50,reviewed,us,us
2017-11-19T22:43:29.250Z,-21.3246,168.6715,10,7,mww,14,0.617,0.65,us,us2000brlf,2018-02-14T02:01:05.040Z,85km ENE of Tadine: New Caledonia,earthquake,5.6,1.7,0.071,19,reviewed,us,us
2018-01-10T02:51:33.290Z,17.4825,-83.52,19,7.5,mww,12,4.581,0.82,us,us1000c2zy,2018-02-26T03:26:51.709Z,44km E of Great Swan Island: Honduras,earthquake,5.8,1.7,0.035,79,reviewed,us,us
2018-01-14T09:18:45.540Z,-15.7675,-74.7092,39,7.1,mww,23,4.29,1.2,us,us2000cjfy,2018-03-02T08:03:32.085Z,38km SSW of Acari: Peru,earthquake,7,1.8,0.032,95,reviewed,us,us
2018-01-23T09:31:40.890Z,56.0039,-149.1658,14.06,7.9,mww,30,2.585,0.77,us,us2000cmy3,2018-02-26T20:06:52.993Z,280km SE of Kodiak: Alaska,earthquake,6,2.8,0.034,81,reviewed,us,us
2018-02-16T23:39:42.210Z,16.6459,-97.653,24.65,7.2,mww,80,1.262,1.37,us,us2000d3km,2018-02-27T05:00:15.380Z,37km NE of Pinotepa de Don Luis: Mexico,earthquake,5,2.4,0.073,18,reviewed,us,us
2018-02-25T17:44:43.920Z,-6.0684,142.7678,23.39,7.5,mww,17,5.47,1.31,us,us2000d7q6,2018-03-02T22:21:42.649Z,81km SW of Porgera: Papua New Guinea,earthquake,3,3.5,0.039,63,reviewed,us,us
